<?xml version="1.0" encoding="UTF-8"?>
<java version="1.8.0_11" class="java.beans.XMLDecoder">
 <object class="java.util.ArrayList">
  <void method="add">
   <object class="com.devcolibri.entity.Student">
    <void property="groupID">
     <int>1</int>
    </void>
    <void property="id">
     <int>1</int>
    </void>
    <void property="lastName">
     <string>ivanov</string>
    </void>
    <void property="name">
     <string>ivan44</string>
    </void>
   </object>
  </void>
  <void method="add">
   <object class="com.devcolibri.entity.Student">
    <void property="groupID">
     <int>1</int>
    </void>
    <void property="id">
     <int>5</int>
    </void>
    <void property="lastName">
     <string>123</string>
    </void>
    <void property="name">
     <string>123</string>
    </void>
   </object>
  </void>
  <void method="add">
   <object class="com.devcolibri.entity.Student">
    <void property="groupID">
     <int>6</int>
    </void>
    <void property="id">
     <int>7</int>
    </void>
    <void property="lastName">
     <string>qqq</string>
    </void>
    <void property="name">
     <string>qqq</string>
    </void>
   </object>
  </void>
  <void method="add">
   <object class="com.devcolibri.entity.Student">
    <void property="groupID">
     <int>6</int>
    </void>
    <void property="id">
     <int>8</int>
    </void>
    <void property="lastName">
     <string>aaa</string>
    </void>
    <void property="name">
     <string>www</string>
    </void>
   </object>
  </void>
 </object>
</java>
