<?xml version="1.0" encoding="UTF-8"?>
<java version="1.8.0_11" class="java.beans.XMLDecoder">
 <object class="java.util.ArrayList">
  <void method="add">
   <object class="com.devcolibri.entity.Group">
    <void property="course">
     <int>4</int>
    </void>
    <void property="id">
     <int>1</int>
    </void>
    <void property="name">
     <string>group1</string>
    </void>
   </object>
  </void>
  <void method="add">
   <object class="com.devcolibri.entity.Group">
    <void property="course">
     <int>2</int>
    </void>
    <void property="id">
     <int>6</int>
    </void>
    <void property="name">
     <string>group2</string>
    </void>
   </object>
  </void>
 </object>
</java>
